odds_kind,threshold,side,n_bets,staked,profit,roi,roi_ci_low,roi_ci_high,max_drawdown,mean_odds,model
HYPOTHETICAL,0.02,over,640,640.0,-41.24326069380897,-0.06444259483407652,-0.11680416943832252,-0.008017924705169911,45.01311663435654,1.4918438236681726,LightGBM (form only)
HYPOTHETICAL,0.02,under,2745,2745.0,-319.42296282686095,-0.11636537807900217,-0.180109295525597,-0.053430616310609004,326.8066011267234,4.031820402559672,LightGBM (form only)
HYPOTHETICAL,0.02,both,3385,3385.0,-360.6662235206699,-0.1065483673620886,-0.1561247399021384,-0.05219271745851054,368.04986182053216,3.551588493995252,LightGBM (form only)
HYPOTHETICAL,0.04,over,161,161.0,2.504464374722778,0.015555679346104212,-0.09810060530514626,0.1348289614091442,8.244299527477791,1.5195164999438988,LightGBM (form only)
HYPOTHETICAL,0.04,under,1017,1017.0,-175.9940616606866,-0.1730521746909406,-0.26871542689583666,-0.0650331395992607,182.55649181373167,4.384588715484054,LightGBM (form only)
HYPOTHETICAL,0.04,both,1178,1178.0,-173.4895972859638,-0.14727470058231223,-0.2325664114383179,-0.048601418102306046,180.05202743900884,3.993012631696308,LightGBM (form only)
HYPOTHETICAL,0.06,over,33,33.0,-3.0800362812703765,-0.09333443276576898,-0.35647580086206077,0.15674616855272894,6.834397040633675,1.5220855604638395,LightGBM (form only)
HYPOTHETICAL,0.06,under,305,305.0,-93.7511501094254,-0.30738082003090295,-0.47162211583570013,-0.11376227364296163,93.75115010942538,4.823246646268882,LightGBM (form only)
HYPOTHETICAL,0.06,both,338,338.0,-96.83118639069578,-0.2864827999724727,-0.451610467062085,-0.12001578693682319,96.83118639069576,4.500943936708034,LightGBM (form only)
HYPOTHETICAL,0.02,over,21,21.0,0.7004056811441992,0.033352651483057105,-0.2760743651671714,0.3400975588871042,2.0,1.5418780040840177,LightGBM (form+odds)
HYPOTHETICAL,0.02,under,334,334.0,-35.33302064545616,-0.10578748696244358,-0.2673238561351513,0.05461182287816397,38.022889147349765,3.868651314875256,LightGBM (form+odds)
HYPOTHETICAL,0.02,both,355,355.0,-34.632614964311955,-0.09755666187130128,-0.24035105757009684,0.07031094539183859,38.32349830840909,3.731011203532675,LightGBM (form+odds)
HYPOTHETICAL,0.04,over,2,2.0,1.2056948618386958,0.6028474309193479,0.5214071109527483,0.6842877508859475,0.0,1.602847430919348,LightGBM (form+odds)
HYPOTHETICAL,0.04,under,39,39.0,-27.003509708574292,-0.6923976848352382,-1.0,-0.3045927047012047,29.0,5.283285936716146,LightGBM (form+odds)
HYPOTHETICAL,0.04,both,41,41.0,-25.797814846735598,-0.6292149962618439,-0.9282373861934745,-0.22467886016521918,28.478592889047253,5.10375235106752,LightGBM (form+odds)
HYPOTHETICAL,0.06,over,0,0.0,0.0,,,,0.0,,LightGBM (form+odds)
HYPOTHETICAL,0.06,under,7,7.0,-7.0,-1.0,-1.0,-1.0,7.0,6.696189194608205,LightGBM (form+odds)
HYPOTHETICAL,0.06,both,7,7.0,-7.0,-1.0,-1.0,-1.0,7.0,6.696189194608205,LightGBM (form+odds)
HYPOTHETICAL,0.02,over,765,765.0,-44.97163106915964,-0.05878644584203875,-0.10923576663703519,-0.011379900032573777,47.26954364850744,1.4458202901137884,LogReg (form only)
HYPOTHETICAL,0.02,under,2563,2563.0,-390.4909450063933,-0.15235698205477693,-0.21339190527347973,-0.08986847731294627,399.8252851184783,3.89699809690519,LogReg (form only)
HYPOTHETICAL,0.02,both,3328,3328.0,-435.46257607555293,-0.1308481298303945,-0.18042513468230123,-0.08210691651326718,443.29598377545176,3.333551275332046,LogReg (form only)
HYPOTHETICAL,0.04,over,223,223.0,-0.5120459650570428,-0.0022961702468925686,-0.09503811974358628,0.08557513614811989,11.00597463886865,1.4598268796530134,LogReg (form only)
HYPOTHETICAL,0.04,under,992,992.0,-162.16932625375537,-0.1634771434009631,-0.2648201253077151,-0.05635255008417017,168.87234958712827,4.144762208898229,LogReg (form only)
HYPOTHETICAL,0.04,both,1215,1215.0,-162.6813722188124,-0.13389413351342586,-0.2184951603339175,-0.04883112509893457,169.83416495222232,3.6519716093742094,LogReg (form only)
HYPOTHETICAL,0.06,over,55,55.0,5.8124181743607615,0.10568033044292294,-0.055461136866696535,0.24764293297228482,3.817928909135414,1.4578162754362347,LogReg (form only)
HYPOTHETICAL,0.06,under,324,324.0,-44.83875053288689,-0.13839120534841634,-0.3190156195380506,0.04382959290052304,54.79181880696129,4.392524958556927,LogReg (form only)
HYPOTHETICAL,0.06,both,379,379.0,-39.02633235852615,-0.10297185318872334,-0.26054474853641607,0.06655007074918312,53.65948614146278,3.9666437512438977,LogReg (form only)
HYPOTHETICAL,0.02,over,50,50.0,7.063147512736968,0.14126295025473937,-0.008848067667779583,0.2682070510547639,1.5426181701009956,1.3596497061097572,LogReg (form+odds)
HYPOTHETICAL,0.02,under,325,325.0,15.598231931191535,0.04799455978828165,-0.10607836483160747,0.20651645558681833,25.280939121747178,3.0640283334282965,LogReg (form+odds)
HYPOTHETICAL,0.02,both,375,375.0,22.661379443928496,0.060430345183809325,-0.07430585656996061,0.19758672504758332,24.120556481026952,2.836777849785825,LogReg (form+odds)
HYPOTHETICAL,0.04,over,36,36.0,5.99758083300486,0.16659946758346833,0.014099277784005744,0.31107898882387,1.2734126325104165,1.3530848251252001,LogReg (form+odds)
HYPOTHETICAL,0.04,under,90,90.0,8.282612028811162,0.09202902254234624,-0.2093463467269374,0.3869715863867387,14.901793844056648,3.0375904970877863,LogReg (form+odds)
HYPOTHETICAL,0.04,both,126,126.0,14.280192861816023,0.11333486398266684,-0.09103285201089563,0.33829546431897917,14.960934166563494,2.5563031622413326,LogReg (form+odds)
HYPOTHETICAL,0.06,over,22,22.0,5.146661097562306,0.23393914079828662,0.04584735948030503,0.37334451768964544,1.0,1.359462172736587,LogReg (form+odds)
HYPOTHETICAL,0.06,under,35,35.0,3.1740003037210753,0.0906857229634593,-0.3593023382270199,0.5630178761025971,6.312695374520251,3.008888484053081,LogReg (form+odds)
HYPOTHETICAL,0.06,both,57,57.0,8.320661401283383,0.14597651581198917,-0.1368029174274858,0.446422273288465,6.0,2.3722678024923285,LogReg (form+odds)
