model,mean,std
logreg[odds;N=10;C=0.01],0.5964577209070835,0.010363232739352876
logreg[odds;N=10;C=0.1],0.5965113137993255,0.010327952719686128
logreg[odds;N=10;C=1.0],0.5965319075754792,0.01032387880132789
logreg[odds;N=5;C=0.01],0.5966356975203112,0.010867524034654566
logreg[odds;N=5+10;C=0.01],0.5966367534103988,0.010488642797120045
logreg[odds;N=5;C=1.0],0.5966640174455085,0.010907360619390054
logreg[odds;N=5;C=0.1],0.5966670537446549,0.010893840958545956
logreg[odds;N=5+10;C=0.1],0.5967276207380394,0.010422960291555702
logreg[odds;N=5+10;C=1.0],0.5967792778382947,0.010439285210875447
Market-derived (O/U 2.5),0.5970922322701918,0.01049643924629013
"lightgbm[odds;N=10;learning_rate=0.03,min_child_samples=200,num_leaves=7]",0.5975490481613922,0.01061847740882122
"lightgbm[odds;N=5;learning_rate=0.03,min_child_samples=200,num_leaves=7]",0.5975749605681666,0.011081273258925273
"lightgbm[odds;N=5;learning_rate=0.05,min_child_samples=500,num_leaves=7]",0.5976034708453266,0.011183786280454883
"lightgbm[odds;N=5+10;learning_rate=0.03,min_child_samples=200,num_leaves=7]",0.5976660881299724,0.010828394330578145
"lightgbm[odds;N=10;learning_rate=0.05,min_child_samples=500,num_leaves=7]",0.5977276769394584,0.010819023561126266
"lightgbm[odds;N=10;learning_rate=0.03,min_child_samples=200,num_leaves=15]",0.5978762634031042,0.010744974406743641
"lightgbm[odds;N=5+10;learning_rate=0.05,min_child_samples=500,num_leaves=7]",0.59798356454996,0.010811400272399286
"lightgbm[odds;N=5;learning_rate=0.03,min_child_samples=200,num_leaves=15]",0.5980429818082373,0.011373523505395692
"lightgbm[odds;N=5+10;learning_rate=0.03,min_child_samples=200,num_leaves=15]",0.5980728970738607,0.010401708502725975
logreg[form;N=10;C=0.01],0.6003593876303963,0.010118146143575897
logreg[form;N=10;C=0.1],0.6004378219541446,0.010106572818598128
logreg[form;N=10;C=1.0],0.6004462013311227,0.010102655958717968
logreg[form;N=5+10;C=0.01],0.6005109262530227,0.010267996807803968
logreg[form;N=5+10;C=0.1],0.6006324368456266,0.010275875126480363
logreg[form;N=5+10;C=1.0],0.600660553291861,0.010278176538289009
"lightgbm[form;N=10;learning_rate=0.03,min_child_samples=200,num_leaves=7]",0.600815909520621,0.010584859230705434
"lightgbm[form;N=5+10;learning_rate=0.03,min_child_samples=200,num_leaves=7]",0.6008419131631808,0.010444728422743117
"lightgbm[form;N=10;learning_rate=0.05,min_child_samples=500,num_leaves=7]",0.6008456136685744,0.010412419828902956
"lightgbm[form;N=5+10;learning_rate=0.05,min_child_samples=500,num_leaves=7]",0.6008656339956964,0.010381810015444878
logreg[form;N=5;C=0.01],0.601111690142226,0.010057138410860702
"lightgbm[form;N=10;learning_rate=0.03,min_child_samples=200,num_leaves=15]",0.6011398941273088,0.010465477907031069
logreg[form;N=5;C=0.1],0.6011575555029319,0.010081020478150021
logreg[form;N=5;C=1.0],0.6011644131841871,0.010088038775940965
"lightgbm[form;N=5+10;learning_rate=0.03,min_child_samples=200,num_leaves=15]",0.6011976651359399,0.010318775819662005
"lightgbm[form;N=5;learning_rate=0.05,min_child_samples=500,num_leaves=7]",0.6014771014131498,0.010126366294134154
"lightgbm[form;N=5;learning_rate=0.03,min_child_samples=200,num_leaves=7]",0.6014964229334229,0.010285172090874092
"lightgbm[form;N=5;learning_rate=0.03,min_child_samples=200,num_leaves=15]",0.6018068906337051,0.010177998240618063
Baseline A: league rate,0.6027706783188816,0.009193170206184502
Baseline B: FH Poisson,0.6119684856456803,0.010624643074707507
