div,n,base_rate,Market-derived (O/U 2.5),Baseline A: league rate,LightGBM (form only),LightGBM (form+odds),LogReg (form only),LogReg (form+odds)
B1,1226,0.7389885807504079,0.5695828293130937,0.5756137660406163,0.5739972140449034,0.5698106397517075,0.5749081473361554,0.57087024454628
D1,1224,0.7565359477124183,0.5440407888288301,0.5554076491716572,0.552832014824705,0.5425573327035017,0.5516920357779959,0.5417951103641481
E0,1520,0.7302631578947368,0.5747791247523731,0.5841194209822174,0.5817826959892122,0.5766436576740497,0.5814770087853159,0.5741139658763516
E1,2208,0.6698369565217391,0.6306047475667016,0.6350475967566787,0.6334763912298649,0.6315916269467793,0.6324509710214606,0.6301059819974298
E2,2208,0.7096920289855072,0.6011696816410298,0.6032757183875754,0.6022300296880296,0.6008136149890743,0.6025075088916024,0.6002451312293128
E3,2207,0.6918894426823743,0.6137070442080909,0.6177921134962636,0.6173142796720956,0.6139836126452815,0.6168094878748438,0.6141146104950213
F1,1446,0.7213001383125864,0.5856862809757014,0.593411781383558,0.5915705193568129,0.5864140553440546,0.590756979473137,0.5851644078799992
G1,958,0.6878914405010439,0.6152788572092269,0.6257959353086886,0.6204887272912918,0.6157886366582694,0.6221064324747135,0.6156799531378224
I1,1518,0.7239789196310935,0.58623203858213,0.589841618663885,0.5887200432921277,0.5856557038524076,0.586654215205964,0.5856782116324365
N1,1224,0.7352941176470589,0.5698526582699798,0.5792470957162749,0.5732767575247376,0.5700135693946811,0.5717803600669689,0.5667782075643119
P1,1224,0.6928104575163399,0.613184743243243,0.6171126199692999,0.6117180387729104,0.6139818063590999,0.6118036750965558,0.612544924902908
SC0,912,0.7105263157894737,0.5949213654388358,0.6021974658675834,0.5982509116180456,0.5965102666117668,0.5969480025065732,0.5939736876192486
SP1,1520,0.6644736842105263,0.6377720126566282,0.6382381390310098,0.639903089639411,0.6387214633853776,0.6403286492656852,0.6392763196532317
T1,1492,0.7211796246648794,0.5861990433525612,0.5923483365330896,0.5918976420688103,0.5872615160204014,0.5911241597849646,0.5832473038951748
